face\BioID_0000.pgm,0
face\BioID_0001.pgm,1
face\BioID_0002.pgm,2
face\BioID_0003.pgm,3
face\BioID_0004.pgm,4
face\BioID_0005.pgm,5
face\BioID_0006.pgm,6
face\BioID_0007.pgm,7
face\BioID_0008.pgm,8
face\BioID_0009.pgm,9
face\BioID_0010.pgm,10
face\BioID_0011.pgm,11
face\BioID_0012.pgm,12
face\BioID_0013.pgm,13
face\BioID_0014.pgm,14
face\BioID_0015.pgm,15
face\BioID_0016.pgm,16
face\BioID_0017.pgm,17
face\BioID_0018.pgm,18
face\BioID_0019.pgm,19
face\BioID_0020.pgm,20
face\BioID_0021.pgm,21
face\BioID_0022.pgm,22
face\BioID_0023.pgm,23
face\BioID_0024.pgm,24
face\BioID_0025.pgm,25
face\BioID_0026.pgm,26
face\BioID_0027.pgm,27
face\BioID_0028.pgm,28
face\BioID_0029.pgm,29
face\BioID_0030.pgm,30
face\BioID_0031.pgm,31
face\BioID_0032.pgm,32
face\BioID_0033.pgm,33
face\BioID_0034.pgm,34
face\BioID_0035.pgm,35
face\BioID_0036.pgm,36
face\BioID_0037.pgm,37
face\BioID_0038.pgm,38
face\BioID_0039.pgm,39
face\BioID_0040.pgm,40
face\BioID_0041.pgm,41
face\BioID_0042.pgm,42
face\BioID_0043.pgm,43
face\BioID_0044.pgm,44
face\BioID_0045.pgm,45
face\BioID_0046.pgm,46
face\BioID_0047.pgm,47
face\BioID_0048.pgm,48
face\BioID_0049.pgm,49
face\BioID_0050.pgm,50
face\BioID_0051.pgm,51
face\BioID_0052.pgm,52
face\BioID_0053.pgm,53
face\BioID_0054.pgm,54
face\BioID_0055.pgm,55
face\BioID_0056.pgm,56
face\BioID_0057.pgm,57
face\BioID_0058.pgm,58
face\BioID_0059.pgm,59
face\BioID_0060.pgm,60
face\BioID_0061.pgm,61
face\BioID_0062.pgm,62
face\BioID_0063.pgm,63
face\BioID_0064.pgm,64
face\BioID_0065.pgm,65
face\BioID_0066.pgm,66
face\BioID_0067.pgm,67
face\BioID_0068.pgm,68
face\BioID_0069.pgm,69
face\BioID_0070.pgm,70
face\BioID_0071.pgm,71
face\BioID_0072.pgm,72
face\BioID_0073.pgm,73
face\BioID_0074.pgm,74
face\BioID_0075.pgm,75
face\BioID_0076.pgm,76
face\BioID_0077.pgm,77
face\BioID_0078.pgm,78
face\BioID_0079.pgm,79
face\BioID_0080.pgm,80
face\BioID_0081.pgm,81
face\BioID_0082.pgm,82
face\BioID_0083.pgm,83
face\BioID_0084.pgm,84
face\BioID_0085.pgm,85
face\BioID_0086.pgm,86
face\BioID_0087.pgm,87
face\BioID_0088.pgm,88
face\BioID_0089.pgm,89
face\BioID_0090.pgm,90
face\BioID_0091.pgm,91
face\BioID_0092.pgm,92
face\BioID_0093.pgm,93
face\BioID_0094.pgm,94
face\BioID_0095.pgm,95
face\BioID_0096.pgm,96
face\BioID_0097.pgm,97
face\BioID_0098.pgm,98
face\BioID_0099.pgm,99
face\BioID_0100.pgm,100
face\BioID_0101.pgm,101
face\BioID_0102.pgm,102
face\BioID_0103.pgm,103
face\BioID_0104.pgm,104
face\BioID_0105.pgm,105
face\BioID_0106.pgm,106
face\BioID_0107.pgm,107
face\BioID_0108.pgm,108
face\BioID_0109.pgm,109
face\BioID_0110.pgm,110
face\BioID_0111.pgm,111
face\BioID_0112.pgm,112
face\BioID_0113.pgm,113
face\BioID_0114.pgm,114
face\BioID_0115.pgm,115
face\BioID_0116.pgm,116
face\BioID_0117.pgm,117
face\BioID_0118.pgm,118
face\BioID_0119.pgm,119
face\BioID_0120.pgm,120
face\BioID_0121.pgm,121
face\BioID_0122.pgm,122
face\BioID_0123.pgm,123
face\BioID_0124.pgm,124
face\BioID_0125.pgm,125
face\BioID_0126.pgm,126
face\BioID_0127.pgm,127
face\BioID_0128.pgm,128
face\BioID_0129.pgm,129
face\BioID_0130.pgm,130
face\BioID_0131.pgm,131
face\BioID_0132.pgm,132
face\BioID_0133.pgm,133
face\BioID_0134.pgm,134
face\BioID_0135.pgm,135
face\BioID_0136.pgm,136
face\BioID_0137.pgm,137
face\BioID_0138.pgm,138
face\BioID_0139.pgm,139
face\BioID_0140.pgm,140
face\BioID_0141.pgm,141
face\BioID_0142.pgm,142
face\BioID_0143.pgm,143
face\BioID_0144.pgm,144
face\BioID_0145.pgm,145
face\BioID_0146.pgm,146
face\BioID_0147.pgm,147
face\BioID_0148.pgm,148
face\BioID_0149.pgm,149
face\BioID_0150.pgm,150
face\BioID_0151.pgm,151
face\BioID_0152.pgm,152
face\BioID_0153.pgm,153
face\BioID_0154.pgm,154
face\BioID_0155.pgm,155
face\BioID_0156.pgm,156
face\BioID_0157.pgm,157
face\BioID_0158.pgm,158
face\BioID_0159.pgm,159
face\BioID_0160.pgm,160
face\BioID_0161.pgm,161
face\BioID_0162.pgm,162
face\BioID_0163.pgm,163
face\BioID_0164.pgm,164
face\BioID_0165.pgm,165
face\BioID_0166.pgm,166
face\BioID_0167.pgm,167
face\BioID_0168.pgm,168
face\BioID_0169.pgm,169
face\BioID_0170.pgm,170
face\BioID_0171.pgm,171
face\BioID_0172.pgm,172
face\BioID_0173.pgm,173
face\BioID_0174.pgm,174
face\BioID_0175.pgm,175
face\BioID_0176.pgm,176
face\BioID_0177.pgm,177
face\BioID_0178.pgm,178
face\BioID_0179.pgm,179
face\BioID_0180.pgm,180
face\BioID_0181.pgm,181
face\BioID_0182.pgm,182
face\BioID_0183.pgm,183
face\BioID_0184.pgm,184
face\BioID_0185.pgm,185
face\BioID_0186.pgm,186
face\BioID_0187.pgm,187
face\BioID_0188.pgm,188
face\BioID_0189.pgm,189
face\BioID_0190.pgm,190
face\BioID_0191.pgm,191
face\BioID_0192.pgm,192
face\BioID_0193.pgm,193
face\BioID_0194.pgm,194
face\BioID_0195.pgm,195
face\BioID_0196.pgm,196
face\BioID_0197.pgm,197
face\BioID_0198.pgm,198
face\BioID_0199.pgm,199
face\BioID_0200.pgm,200
face\BioID_0201.pgm,201
face\BioID_0202.pgm,202
face\BioID_0203.pgm,203
face\BioID_0204.pgm,204
face\BioID_0205.pgm,205
face\BioID_0206.pgm,206
face\BioID_0207.pgm,207
face\BioID_0208.pgm,208
face\BioID_0209.pgm,209
face\BioID_0210.pgm,210
face\BioID_0211.pgm,211
face\BioID_0212.pgm,212
face\BioID_0213.pgm,213
face\BioID_0214.pgm,214
face\BioID_0215.pgm,215
face\BioID_0216.pgm,216
face\BioID_0217.pgm,217
face\BioID_0218.pgm,218
face\BioID_0219.pgm,219
face\BioID_0220.pgm,220
face\BioID_0221.pgm,221
face\BioID_0222.pgm,222
face\BioID_0223.pgm,223
face\BioID_0224.pgm,224
face\BioID_0225.pgm,225
face\BioID_0226.pgm,226
face\BioID_0227.pgm,227
face\BioID_0228.pgm,228
face\BioID_0229.pgm,229
face\BioID_0230.pgm,230
face\BioID_0231.pgm,231
face\BioID_0232.pgm,232
face\BioID_0233.pgm,233
face\BioID_0234.pgm,234
face\BioID_0235.pgm,235
face\BioID_0236.pgm,236
face\BioID_0237.pgm,237
face\BioID_0238.pgm,238
face\BioID_0239.pgm,239
face\BioID_0240.pgm,240
face\BioID_0241.pgm,241
face\BioID_0242.pgm,242
face\BioID_0243.pgm,243
face\BioID_0244.pgm,244
face\BioID_0245.pgm,245
face\BioID_0246.pgm,246
face\BioID_0247.pgm,247
face\BioID_0248.pgm,248
face\BioID_0249.pgm,249
face\BioID_0250.pgm,250
face\BioID_0251.pgm,251
face\BioID_0252.pgm,252
face\BioID_0253.pgm,253
face\BioID_0254.pgm,254
face\BioID_0255.pgm,255
face\BioID_0256.pgm,256
face\BioID_0257.pgm,257
face\BioID_0258.pgm,258
face\BioID_0259.pgm,259
face\BioID_0260.pgm,260
face\BioID_0261.pgm,261
face\BioID_0262.pgm,262
face\BioID_0263.pgm,263
face\BioID_0264.pgm,264
face\BioID_0265.pgm,265
face\BioID_0266.pgm,266
face\BioID_0267.pgm,267
face\BioID_0268.pgm,268
face\BioID_0269.pgm,269
face\BioID_0270.pgm,270
face\BioID_0271.pgm,271
face\BioID_0272.pgm,272
face\BioID_0273.pgm,273
face\BioID_0274.pgm,274
face\BioID_0275.pgm,275
face\BioID_0276.pgm,276
face\BioID_0277.pgm,277
face\BioID_0278.pgm,278
face\BioID_0279.pgm,279
face\BioID_0280.pgm,280
face\BioID_0281.pgm,281
face\BioID_0282.pgm,282
face\BioID_0283.pgm,283
face\BioID_0284.pgm,284
face\BioID_0285.pgm,285
face\BioID_0286.pgm,286
face\BioID_0287.pgm,287
face\BioID_0288.pgm,288
face\BioID_0289.pgm,289
face\BioID_0290.pgm,290
face\BioID_0291.pgm,291
face\BioID_0292.pgm,292
face\BioID_0293.pgm,293
face\BioID_0294.pgm,294
face\BioID_0295.pgm,295
face\BioID_0296.pgm,296
face\BioID_0297.pgm,297
face\BioID_0298.pgm,298
face\BioID_0299.pgm,299
face\BioID_0300.pgm,300
face\BioID_0301.pgm,301
face\BioID_0302.pgm,302
face\BioID_0303.pgm,303
face\BioID_0304.pgm,304
face\BioID_0305.pgm,305
face\BioID_0306.pgm,306
face\BioID_0307.pgm,307
face\BioID_0308.pgm,308
face\BioID_0309.pgm,309
face\BioID_0310.pgm,310
face\BioID_0311.pgm,311
face\BioID_0312.pgm,312
face\BioID_0313.pgm,313
face\BioID_0314.pgm,314
face\BioID_0315.pgm,315
face\BioID_0316.pgm,316
face\BioID_0317.pgm,317
face\BioID_0318.pgm,318
face\BioID_0319.pgm,319
face\BioID_0320.pgm,320
face\BioID_0321.pgm,321
face\BioID_0322.pgm,322
face\BioID_0323.pgm,323
face\BioID_0324.pgm,324
face\BioID_0325.pgm,325
face\BioID_0326.pgm,326
face\BioID_0327.pgm,327
face\BioID_0328.pgm,328
face\BioID_0329.pgm,329
face\BioID_0330.pgm,330
face\BioID_0331.pgm,331
face\BioID_0332.pgm,332
face\BioID_0333.pgm,333
face\BioID_0334.pgm,334
face\BioID_0335.pgm,335
face\BioID_0336.pgm,336
face\BioID_0337.pgm,337
face\BioID_0338.pgm,338
face\BioID_0339.pgm,339
face\BioID_0340.pgm,340
face\BioID_0341.pgm,341
face\BioID_0342.pgm,342
face\BioID_0343.pgm,343
face\BioID_0344.pgm,344
face\BioID_0345.pgm,345
face\BioID_0346.pgm,346
face\BioID_0347.pgm,347
face\BioID_0348.pgm,348
face\BioID_0349.pgm,349
face\BioID_0350.pgm,350
face\BioID_0351.pgm,351
face\BioID_0352.pgm,352
face\BioID_0353.pgm,353
face\BioID_0354.pgm,354
face\BioID_0355.pgm,355
face\BioID_0356.pgm,356
face\BioID_0357.pgm,357
face\BioID_0358.pgm,358
face\BioID_0359.pgm,359
face\BioID_0360.pgm,360
face\BioID_0361.pgm,361
face\BioID_0362.pgm,362
face\BioID_0363.pgm,363
face\BioID_0364.pgm,364
face\BioID_0365.pgm,365
face\BioID_0366.pgm,366
face\BioID_0367.pgm,367
face\BioID_0368.pgm,368
face\BioID_0369.pgm,369
face\BioID_0370.pgm,370
face\BioID_0371.pgm,371
face\BioID_0372.pgm,372
face\BioID_0373.pgm,373
face\BioID_0374.pgm,374
face\BioID_0375.pgm,375
face\BioID_0376.pgm,376
face\BioID_0377.pgm,377
face\BioID_0378.pgm,378
face\BioID_0379.pgm,379
face\BioID_0380.pgm,380
face\BioID_0381.pgm,381
face\BioID_0382.pgm,382
face\BioID_0383.pgm,383
face\BioID_0384.pgm,384
face\BioID_0385.pgm,385
face\BioID_0386.pgm,386
face\BioID_0387.pgm,387
face\BioID_0388.pgm,388
face\BioID_0389.pgm,389
face\BioID_0390.pgm,390
face\BioID_0391.pgm,391
face\BioID_0392.pgm,392
face\BioID_0393.pgm,393
face\BioID_0394.pgm,394
face\BioID_0395.pgm,395
face\BioID_0396.pgm,396
face\BioID_0397.pgm,397
face\BioID_0398.pgm,398
face\BioID_0399.pgm,399
face\BioID_0400.pgm,400
face\BioID_0401.pgm,401
face\BioID_0402.pgm,402
face\BioID_0403.pgm,403
face\BioID_0404.pgm,404
face\BioID_0405.pgm,405
face\BioID_0406.pgm,406
face\BioID_0407.pgm,407
face\BioID_0408.pgm,408
face\BioID_0409.pgm,409
face\BioID_0410.pgm,410
face\BioID_0411.pgm,411
face\BioID_0412.pgm,412
face\BioID_0413.pgm,413
face\BioID_0414.pgm,414
face\BioID_0415.pgm,415
face\BioID_0416.pgm,416
face\BioID_0417.pgm,417
face\BioID_0418.pgm,418
face\BioID_0419.pgm,419
face\BioID_0420.pgm,420
face\BioID_0421.pgm,421
face\BioID_0422.pgm,422
face\BioID_0423.pgm,423
face\BioID_0424.pgm,424
face\BioID_0425.pgm,425
face\BioID_0426.pgm,426
face\BioID_0427.pgm,427
face\BioID_0428.pgm,428
face\BioID_0429.pgm,429
face\BioID_0430.pgm,430
face\BioID_0431.pgm,431
face\BioID_0432.pgm,432
face\BioID_0433.pgm,433
face\BioID_0434.pgm,434
face\BioID_0435.pgm,435
face\BioID_0436.pgm,436
face\BioID_0437.pgm,437
face\BioID_0438.pgm,438
face\BioID_0439.pgm,439
face\BioID_0440.pgm,440
face\BioID_0441.pgm,441
face\BioID_0442.pgm,442
face\BioID_0443.pgm,443
face\BioID_0444.pgm,444
face\BioID_0445.pgm,445
face\BioID_0446.pgm,446
face\BioID_0447.pgm,447
face\BioID_0448.pgm,448
face\BioID_0449.pgm,449
face\BioID_0450.pgm,450
face\BioID_0451.pgm,451
face\BioID_0452.pgm,452
face\BioID_0453.pgm,453
face\BioID_0454.pgm,454
face\BioID_0455.pgm,455
face\BioID_0456.pgm,456
face\BioID_0457.pgm,457
face\BioID_0458.pgm,458
face\BioID_0459.pgm,459
face\BioID_0460.pgm,460
face\BioID_0461.pgm,461
face\BioID_0462.pgm,462
face\BioID_0463.pgm,463
face\BioID_0464.pgm,464
face\BioID_0465.pgm,465
face\BioID_0466.pgm,466
face\BioID_0467.pgm,467
face\BioID_0468.pgm,468
face\BioID_0469.pgm,469
face\BioID_0470.pgm,470
face\BioID_0471.pgm,471
face\BioID_0472.pgm,472
face\BioID_0473.pgm,473
face\BioID_0474.pgm,474
face\BioID_0475.pgm,475
face\BioID_0476.pgm,476
face\BioID_0477.pgm,477
face\BioID_0478.pgm,478
face\BioID_0479.pgm,479
face\BioID_0480.pgm,480
face\BioID_0481.pgm,481
face\BioID_0482.pgm,482
face\BioID_0483.pgm,483
face\BioID_0484.pgm,484
face\BioID_0485.pgm,485
face\BioID_0486.pgm,486
face\BioID_0487.pgm,487
face\BioID_0488.pgm,488
face\BioID_0489.pgm,489
face\BioID_0490.pgm,490
face\BioID_0491.pgm,491
face\BioID_0492.pgm,492
face\BioID_0493.pgm,493
face\BioID_0494.pgm,494
face\BioID_0495.pgm,495
face\BioID_0496.pgm,496
face\BioID_0497.pgm,497
face\BioID_0498.pgm,498
face\BioID_0499.pgm,499
face\BioID_0500.pgm,500
face\BioID_0501.pgm,501
face\BioID_0502.pgm,502
face\BioID_0503.pgm,503
face\BioID_0504.pgm,504
face\BioID_0505.pgm,505
face\BioID_0506.pgm,506
face\BioID_0507.pgm,507
face\BioID_0508.pgm,508
face\BioID_0509.pgm,509
face\BioID_0510.pgm,510
face\BioID_0511.pgm,511
face\BioID_0512.pgm,512
face\BioID_0513.pgm,513
face\BioID_0514.pgm,514
face\BioID_0515.pgm,515
face\BioID_0516.pgm,516
face\BioID_0517.pgm,517
face\BioID_0518.pgm,518
face\BioID_0519.pgm,519
face\BioID_0520.pgm,520
face\BioID_0521.pgm,521
face\BioID_0522.pgm,522
face\BioID_0523.pgm,523
face\BioID_0524.pgm,524
face\BioID_0525.pgm,525
face\BioID_0526.pgm,526
face\BioID_0527.pgm,527
face\BioID_0528.pgm,528
face\BioID_0529.pgm,529
face\BioID_0530.pgm,530
face\BioID_0531.pgm,531
face\BioID_0532.pgm,532
face\BioID_0533.pgm,533
face\BioID_0534.pgm,534
face\BioID_0535.pgm,535
face\BioID_0536.pgm,536
face\BioID_0537.pgm,537
face\BioID_0538.pgm,538
face\BioID_0539.pgm,539
face\BioID_0540.pgm,540
face\BioID_0541.pgm,541
face\BioID_0542.pgm,542
face\BioID_0543.pgm,543
face\BioID_0544.pgm,544
face\BioID_0545.pgm,545
face\BioID_0546.pgm,546
face\BioID_0547.pgm,547
face\BioID_0548.pgm,548
face\BioID_0549.pgm,549
face\BioID_0550.pgm,550
face\BioID_0551.pgm,551
face\BioID_0552.pgm,552
face\BioID_0553.pgm,553
face\BioID_0554.pgm,554
face\BioID_0555.pgm,555
face\BioID_0556.pgm,556
face\BioID_0557.pgm,557
face\BioID_0558.pgm,558
face\BioID_0559.pgm,559
face\BioID_0560.pgm,560
face\BioID_0561.pgm,561
face\BioID_0562.pgm,562
face\BioID_0563.pgm,563
face\BioID_0564.pgm,564
face\BioID_0565.pgm,565
face\BioID_0566.pgm,566
face\BioID_0567.pgm,567
face\BioID_0568.pgm,568
face\BioID_0569.pgm,569
face\BioID_0570.pgm,570
face\BioID_0571.pgm,571
face\BioID_0572.pgm,572
face\BioID_0573.pgm,573
face\BioID_0574.pgm,574
face\BioID_0575.pgm,575
face\BioID_0576.pgm,576
face\BioID_0577.pgm,577
face\BioID_0578.pgm,578
face\BioID_0579.pgm,579
face\BioID_0580.pgm,580
face\BioID_0581.pgm,581
face\BioID_0582.pgm,582
face\BioID_0583.pgm,583
face\BioID_0584.pgm,584
face\BioID_0585.pgm,585
face\BioID_0586.pgm,586
face\BioID_0587.pgm,587
face\BioID_0588.pgm,588
face\BioID_0589.pgm,589
face\BioID_0590.pgm,590
face\BioID_0591.pgm,591
face\BioID_0592.pgm,592
face\BioID_0593.pgm,593
face\BioID_0594.pgm,594
face\BioID_0595.pgm,595
face\BioID_0596.pgm,596
face\BioID_0597.pgm,597
face\BioID_0598.pgm,598
face\BioID_0599.pgm,599
face\BioID_0600.pgm,600
face\BioID_0601.pgm,601
face\BioID_0602.pgm,602
face\BioID_0603.pgm,603
face\BioID_0604.pgm,604
face\BioID_0605.pgm,605
face\BioID_0606.pgm,606
face\BioID_0607.pgm,607
face\BioID_0608.pgm,608
face\BioID_0609.pgm,609
face\BioID_0610.pgm,610
face\BioID_0611.pgm,611
face\BioID_0612.pgm,612
face\BioID_0613.pgm,613
face\BioID_0614.pgm,614
face\BioID_0615.pgm,615
face\BioID_0616.pgm,616
face\BioID_0617.pgm,617
face\BioID_0618.pgm,618
face\BioID_0619.pgm,619
face\BioID_0620.pgm,620
face\BioID_0621.pgm,621
face\BioID_0622.pgm,622
face\BioID_0623.pgm,623
face\BioID_0624.pgm,624
face\BioID_0625.pgm,625
face\BioID_0626.pgm,626
face\BioID_0627.pgm,627
face\BioID_0628.pgm,628
face\BioID_0629.pgm,629
face\BioID_0630.pgm,630
face\BioID_0631.pgm,631
face\BioID_0632.pgm,632
face\BioID_0633.pgm,633
face\BioID_0634.pgm,634
face\BioID_0635.pgm,635
face\BioID_0636.pgm,636
face\BioID_0637.pgm,637
face\BioID_0638.pgm,638
face\BioID_0639.pgm,639
face\BioID_0640.pgm,640
face\BioID_0641.pgm,641
face\BioID_0642.pgm,642
face\BioID_0643.pgm,643
face\BioID_0644.pgm,644
face\BioID_0645.pgm,645
face\BioID_0646.pgm,646
face\BioID_0647.pgm,647
face\BioID_0648.pgm,648
face\BioID_0649.pgm,649
face\BioID_0650.pgm,650
face\BioID_0651.pgm,651
face\BioID_0652.pgm,652
face\BioID_0653.pgm,653
face\BioID_0654.pgm,654
face\BioID_0655.pgm,655
face\BioID_0656.pgm,656
face\BioID_0657.pgm,657
face\BioID_0658.pgm,658
face\BioID_0659.pgm,659
face\BioID_0660.pgm,660
face\BioID_0661.pgm,661
face\BioID_0662.pgm,662
face\BioID_0663.pgm,663
face\BioID_0664.pgm,664
face\BioID_0665.pgm,665
face\BioID_0666.pgm,666
face\BioID_0667.pgm,667
face\BioID_0668.pgm,668
face\BioID_0669.pgm,669
face\BioID_0670.pgm,670
face\BioID_0671.pgm,671
face\BioID_0672.pgm,672
face\BioID_0673.pgm,673
face\BioID_0674.pgm,674
face\BioID_0675.pgm,675
face\BioID_0676.pgm,676
face\BioID_0677.pgm,677
face\BioID_0678.pgm,678
face\BioID_0679.pgm,679
face\BioID_0680.pgm,680
face\BioID_0681.pgm,681
face\BioID_0682.pgm,682
face\BioID_0683.pgm,683
face\BioID_0684.pgm,684
face\BioID_0685.pgm,685
face\BioID_0686.pgm,686
face\BioID_0687.pgm,687
face\BioID_0688.pgm,688
face\BioID_0689.pgm,689
face\BioID_0690.pgm,690
face\BioID_0691.pgm,691
face\BioID_0692.pgm,692
face\BioID_0693.pgm,693
face\BioID_0694.pgm,694
face\BioID_0695.pgm,695
face\BioID_0696.pgm,696
face\BioID_0697.pgm,697
face\BioID_0698.pgm,698
face\BioID_0699.pgm,699
face\BioID_0700.pgm,700
face\BioID_0701.pgm,701
face\BioID_0702.pgm,702
face\BioID_0703.pgm,703
face\BioID_0704.pgm,704
face\BioID_0705.pgm,705
face\BioID_0706.pgm,706
face\BioID_0707.pgm,707
face\BioID_0708.pgm,708
face\BioID_0709.pgm,709
face\BioID_0710.pgm,710
face\BioID_0711.pgm,711
face\BioID_0712.pgm,712
face\BioID_0713.pgm,713
face\BioID_0714.pgm,714
face\BioID_0715.pgm,715
face\BioID_0716.pgm,716
face\BioID_0717.pgm,717
face\BioID_0718.pgm,718
face\BioID_0719.pgm,719
face\BioID_0720.pgm,720
face\BioID_0721.pgm,721
face\BioID_0722.pgm,722
face\BioID_0723.pgm,723
face\BioID_0724.pgm,724
face\BioID_0725.pgm,725
face\BioID_0726.pgm,726
face\BioID_0727.pgm,727
face\BioID_0728.pgm,728
face\BioID_0729.pgm,729
face\BioID_0730.pgm,730
face\BioID_0731.pgm,731
face\BioID_0732.pgm,732
face\BioID_0733.pgm,733
face\BioID_0734.pgm,734
face\BioID_0735.pgm,735
face\BioID_0736.pgm,736
face\BioID_0737.pgm,737
face\BioID_0738.pgm,738
face\BioID_0739.pgm,739
face\BioID_0740.pgm,740
face\BioID_0741.pgm,741
face\BioID_0742.pgm,742
face\BioID_0743.pgm,743
face\BioID_0744.pgm,744
face\BioID_0745.pgm,745
face\BioID_0746.pgm,746
face\BioID_0747.pgm,747
face\BioID_0748.pgm,748
face\BioID_0749.pgm,749
face\BioID_0750.pgm,750
face\BioID_0751.pgm,751
face\BioID_0752.pgm,752
face\BioID_0753.pgm,753
face\BioID_0754.pgm,754
face\BioID_0755.pgm,755
face\BioID_0756.pgm,756
face\BioID_0757.pgm,757
face\BioID_0758.pgm,758
face\BioID_0759.pgm,759
face\BioID_0760.pgm,760
face\BioID_0761.pgm,761
face\BioID_0762.pgm,762
face\BioID_0763.pgm,763
face\BioID_0764.pgm,764
face\BioID_0765.pgm,765
face\BioID_0766.pgm,766
face\BioID_0767.pgm,767
face\BioID_0768.pgm,768
face\BioID_0769.pgm,769
face\BioID_0770.pgm,770
face\BioID_0771.pgm,771
face\BioID_0772.pgm,772
face\BioID_0773.pgm,773
face\BioID_0774.pgm,774
face\BioID_0775.pgm,775
face\BioID_0776.pgm,776
face\BioID_0777.pgm,777
face\BioID_0778.pgm,778
face\BioID_0779.pgm,779
face\BioID_0780.pgm,780
face\BioID_0781.pgm,781
face\BioID_0782.pgm,782
face\BioID_0783.pgm,783
face\BioID_0784.pgm,784
face\BioID_0785.pgm,785
face\BioID_0786.pgm,786
face\BioID_0787.pgm,787
face\BioID_0788.pgm,788
face\BioID_0789.pgm,789
face\BioID_0790.pgm,790
face\BioID_0791.pgm,791
face\BioID_0792.pgm,792
face\BioID_0793.pgm,793
face\BioID_0794.pgm,794
face\BioID_0795.pgm,795
face\BioID_0796.pgm,796
face\BioID_0797.pgm,797
face\BioID_0798.pgm,798
face\BioID_0799.pgm,799
face\BioID_0800.pgm,800
face\BioID_0801.pgm,801
face\BioID_0802.pgm,802
face\BioID_0803.pgm,803
face\BioID_0804.pgm,804
face\BioID_0805.pgm,805
face\BioID_0806.pgm,806
face\BioID_0807.pgm,807
face\BioID_0808.pgm,808
face\BioID_0809.pgm,809
face\BioID_0810.pgm,810
face\BioID_0811.pgm,811
face\BioID_0812.pgm,812
face\BioID_0813.pgm,813
face\BioID_0814.pgm,814
face\BioID_0815.pgm,815
face\BioID_0816.pgm,816
face\BioID_0817.pgm,817
face\BioID_0818.pgm,818
face\BioID_0819.pgm,819
face\BioID_0820.pgm,820
face\BioID_0821.pgm,821
face\BioID_0822.pgm,822
face\BioID_0823.pgm,823
face\BioID_0824.pgm,824
face\BioID_0825.pgm,825
face\BioID_0826.pgm,826
face\BioID_0827.pgm,827
face\BioID_0828.pgm,828
face\BioID_0829.pgm,829
face\BioID_0830.pgm,830
face\BioID_0831.pgm,831
face\BioID_0832.pgm,832
face\BioID_0833.pgm,833
face\BioID_0834.pgm,834
face\BioID_0835.pgm,835
face\BioID_0836.pgm,836
face\BioID_0837.pgm,837
face\BioID_0838.pgm,838
face\BioID_0839.pgm,839
face\BioID_0840.pgm,840
face\BioID_0841.pgm,841
face\BioID_0842.pgm,842
face\BioID_0843.pgm,843
face\BioID_0844.pgm,844
face\BioID_0845.pgm,845
face\BioID_0846.pgm,846
face\BioID_0847.pgm,847
face\BioID_0848.pgm,848
face\BioID_0849.pgm,849
face\BioID_0850.pgm,850
face\BioID_0851.pgm,851
face\BioID_0852.pgm,852
face\BioID_0853.pgm,853
face\BioID_0854.pgm,854
face\BioID_0855.pgm,855
face\BioID_0856.pgm,856
face\BioID_0857.pgm,857
face\BioID_0858.pgm,858
face\BioID_0859.pgm,859
face\BioID_0860.pgm,860
face\BioID_0861.pgm,861
face\BioID_0862.pgm,862
face\BioID_0863.pgm,863
face\BioID_0864.pgm,864
face\BioID_0865.pgm,865
face\BioID_0866.pgm,866
face\BioID_0867.pgm,867
face\BioID_0868.pgm,868
face\BioID_0869.pgm,869
face\BioID_0870.pgm,870
face\BioID_0871.pgm,871
face\BioID_0872.pgm,872
face\BioID_0873.pgm,873
face\BioID_0874.pgm,874
face\BioID_0875.pgm,875
face\BioID_0876.pgm,876
face\BioID_0877.pgm,877
face\BioID_0878.pgm,878
face\BioID_0879.pgm,879
face\BioID_0880.pgm,880
face\BioID_0881.pgm,881
face\BioID_0882.pgm,882
face\BioID_0883.pgm,883
face\BioID_0884.pgm,884
face\BioID_0885.pgm,885
face\BioID_0886.pgm,886
face\BioID_0887.pgm,887
face\BioID_0888.pgm,888
face\BioID_0889.pgm,889
face\BioID_0890.pgm,890
face\BioID_0891.pgm,891
face\BioID_0892.pgm,892
face\BioID_0893.pgm,893
face\BioID_0894.pgm,894
face\BioID_0895.pgm,895
face\BioID_0896.pgm,896
face\BioID_0897.pgm,897
face\BioID_0898.pgm,898
face\BioID_0899.pgm,899
face\BioID_0900.pgm,900
face\BioID_0901.pgm,901
face\BioID_0902.pgm,902
face\BioID_0903.pgm,903
face\BioID_0904.pgm,904
face\BioID_0905.pgm,905
face\BioID_0906.pgm,906
face\BioID_0907.pgm,907
face\BioID_0908.pgm,908
face\BioID_0909.pgm,909
face\BioID_0910.pgm,910
face\BioID_0911.pgm,911
face\BioID_0912.pgm,912
face\BioID_0913.pgm,913
face\BioID_0914.pgm,914
face\BioID_0915.pgm,915
face\BioID_0916.pgm,916
face\BioID_0917.pgm,917
face\BioID_0918.pgm,918
face\BioID_0919.pgm,919
face\BioID_0920.pgm,920
face\BioID_0921.pgm,921
face\BioID_0922.pgm,922
face\BioID_0923.pgm,923
face\BioID_0924.pgm,924
face\BioID_0925.pgm,925
face\BioID_0926.pgm,926
face\BioID_0927.pgm,927
face\BioID_0928.pgm,928
face\BioID_0929.pgm,929
face\BioID_0930.pgm,930
face\BioID_0931.pgm,931
face\BioID_0932.pgm,932
face\BioID_0933.pgm,933
face\BioID_0934.pgm,934
face\BioID_0935.pgm,935
face\BioID_0936.pgm,936
face\BioID_0937.pgm,937
face\BioID_0938.pgm,938
face\BioID_0939.pgm,939
face\BioID_0940.pgm,940
face\BioID_0941.pgm,941
face\BioID_0942.pgm,942
face\BioID_0943.pgm,943
face\BioID_0944.pgm,944
face\BioID_0945.pgm,945
face\BioID_0946.pgm,946
face\BioID_0947.pgm,947
face\BioID_0948.pgm,948
face\BioID_0949.pgm,949
face\BioID_0950.pgm,950
face\BioID_0951.pgm,951
face\BioID_0952.pgm,952
face\BioID_0953.pgm,953
face\BioID_0954.pgm,954
face\BioID_0955.pgm,955
face\BioID_0956.pgm,956
face\BioID_0957.pgm,957
face\BioID_0958.pgm,958
face\BioID_0959.pgm,959
face\BioID_0960.pgm,960
face\BioID_0961.pgm,961
face\BioID_0962.pgm,962
face\BioID_0963.pgm,963
face\BioID_0964.pgm,964
face\BioID_0965.pgm,965
face\BioID_0966.pgm,966
face\BioID_0967.pgm,967
face\BioID_0968.pgm,968
face\BioID_0969.pgm,969
face\BioID_0970.pgm,970
face\BioID_0971.pgm,971
face\BioID_0972.pgm,972
face\BioID_0973.pgm,973
face\BioID_0974.pgm,974
face\BioID_0975.pgm,975
face\BioID_0976.pgm,976
face\BioID_0977.pgm,977
face\BioID_0978.pgm,978
face\BioID_0979.pgm,979
face\BioID_0980.pgm,980
face\BioID_0981.pgm,981
face\BioID_0982.pgm,982
face\BioID_0983.pgm,983
face\BioID_0984.pgm,984
face\BioID_0985.pgm,985
face\BioID_0986.pgm,986
face\BioID_0987.pgm,987
face\BioID_0988.pgm,988
face\BioID_0989.pgm,989
face\BioID_0990.pgm,990
face\BioID_0991.pgm,991
face\BioID_0992.pgm,992
face\BioID_0993.pgm,993
face\BioID_0994.pgm,994
face\BioID_0995.pgm,995
face\BioID_0996.pgm,996
face\BioID_0997.pgm,997
face\BioID_0998.pgm,998
face\BioID_0999.pgm,999
face\BioID_1000.pgm,1000
face\BioID_1001.pgm,1001
face\BioID_1002.pgm,1002
face\BioID_1003.pgm,1003
face\BioID_1004.pgm,1004
face\BioID_1005.pgm,1005
face\BioID_1006.pgm,1006
face\BioID_1007.pgm,1007
face\BioID_1008.pgm,1008
face\BioID_1009.pgm,1009
face\BioID_1010.pgm,1010
face\BioID_1011.pgm,1011
face\BioID_1012.pgm,1012
face\BioID_1013.pgm,1013
face\BioID_1014.pgm,1014
face\BioID_1015.pgm,1015
face\BioID_1016.pgm,1016
face\BioID_1017.pgm,1017
face\BioID_1018.pgm,1018
face\BioID_1019.pgm,1019
face\BioID_1020.pgm,1020
face\BioID_1021.pgm,1021
face\BioID_1022.pgm,1022
face\BioID_1023.pgm,1023
face\BioID_1024.pgm,1024
face\BioID_1025.pgm,1025
face\BioID_1026.pgm,1026
face\BioID_1027.pgm,1027
face\BioID_1028.pgm,1028
face\BioID_1029.pgm,1029
face\BioID_1030.pgm,1030
face\BioID_1031.pgm,1031
face\BioID_1032.pgm,1032
face\BioID_1033.pgm,1033